<?xml version="1.0" encoding="UTF-8"?>
<beans xmlns="http://www.springframework.org/schema/beans"
	xmlns:xsi="http://www.w3.org/2001/XMLSchema-instance"
	xmlns:mvc="http://www.springframework.org/schema/mvc"
	xmlns:context="http://www.springframework.org/schema/context"
	xsi:schemaLocation="http://www.springframework.org/schema/mvc http://www.springframework.org/schema/mvc/spring-mvc-3.1.xsd
		http://www.springframework.org/schema/beans http://www.springframework.org/schema/beans/spring-beans.xsd
		http://www.springframework.org/schema/context http://www.springframework.org/schema/context/spring-context-3.1.xsd">


		<!-- 유효성 검사 -->
		<mvc:annotation-driven /> 
	
		<bean class="org.springframework.web.servlet.view.InternalResourceViewResolver">
			<property name="prefix" value="/WEB-INF/sisc/view/"></property>
			<property name="suffix" value=".jsp"></property>
		</bean>
	
		<!-- 어떤 패키지를 긁어올꺼냐 -->
		<context:component-scan base-package="member" />
		<context:component-scan base-package="manager" />
		<context:component-scan base-package="community" />
		<context:component-scan base-package="book" />
		<context:component-scan base-package="board" />
		<context:component-scan base-package="quiz" />
		<context:component-scan base-package="study" />
		<context:component-scan base-package="survey" />
		<context:component-scan base-package="view" />
		
		<!-- 사진올리기 -->
		<bean id="multipartResolver" class="org.springframework.web.multipart.commons.CommonsMultipartResolver">
			<property name="maxUploadSize" value="10485760" />
			<property name="maxInMemorySize" value="10240" />
			<property name="defaultEncoding" value="UTF-8" />
		</bean>

</beans>
