<?xml version="1.0" encoding="UTF-8"?>
<!DOCTYPE mapper PUBLIC "-//mybatis.org//DTD Mapper 3.0//EN"
	"http://mybatis.org/dtd/mybatis-3-mapper.dtd">
	
	<mapper namespace="study">
		<insert id="insertStudy">
			insert into study_memo
			values(st_seq.nextval,#{s_writer},#{memoCate},#{memoTitle},#{subTitle},sysdate,#{s_content})
		</insert>
		
		<select id="getAllStudy" resultType="SiscStudy">
			select * from study_memo where s_writer = #{id}
			<if test="whatColumn == 'memoTitle'">
				and memoTitle like #{ keyword}
			</if>
			<if test="whatColumn == 'subTitle'">
				and subTitle like #{ keyword}
			</if>
			<if test="whatColumn == 'memoDate'">
				and memoDate like #{ keyword}
			</if>
		</select>
		
		<select id="getDetailStudy" resultType="SiscStudy">
			select * from study_memo where s_num = #{s_num}
		</select>
		
		<delete id="deleteStudy">
			delete from study_memo where s_num = #{s_num}
		</delete>
		
		<select id="getTotalCount" resultType="int">
			select count(*) from study_memo
			<if test="whatColumn == 'memoTitle'">
				where memoTitle like #{ keyword}
			</if>
			<if test="whatColumn == 'subTitle'">
				where subTitle like #{ keyword}
			</if>
			<if test="whatColumn == 'memoDate'">
				where memoDate like #{ keyword}
			</if>
		</select>
		
		<update id="updateStudy" parameterType="SiscStudy">
			update study_memo set 
			memoCate = #{memoCate}, memoTitle = #{memoTitle}, subTitle = #{subTitle}, s_content = #{s_content}
			where s_num = #{s_num}
		</update>
		
		<select id="getTotalCountForSpecificMember" parameterType="map" resultType="int">
		    SELECT COUNT(*) FROM study_memo WHERE s_writer = #{id}
		</select>
		
		<select id="getTotalCountComment" resultType="int">
		    SELECT COUNT(*) FROM board WHERE writer = #{writer} and subject != 'comments'
		</select>
		
		<select id="getMyBoard" resultType="SiscBoard">
			select * from board where writer = #{writer} and subject != 'comments'
		</select>
		
		<select id="getMyComment" resultType="SiscBoard">
			select * from board where writer = #{writer} and subject = 'comments'
		</select>
		
		<select id="getMyBook" resultType="SiscBook">
			select * from book where seller = #{writer} 
		</select>
		
		<select id="getTotalCountBook" resultType="int">
		    SELECT COUNT(*) FROM book WHERE seller = #{writer}
		</select>
		
	</mapper>