<?xml version="1.0" encoding="UTF-8"?>
<!DOCTYPE mapper PUBLIC "-//mybatis.org//DTD Mapper 3.0//EN"
	"http://mybatis.org/dtd/mybatis-3-mapper.dtd">

<mapper namespace="board">

	<select id="getAllFreeBoard" resultType="SiscBoard">
		select b_num, b_cate, writer, subject, reg_date, readcount, ref, re_step, re_level, content, taglist
		from (select rownum as rank, b_num, b_cate, writer, subject, reg_date, readcount, ref, re_step, re_level, content, taglist
		from (select b_num, b_cate, writer, subject, reg_date, readcount, ref, re_step, re_level, content, taglist
		from board where b_cate = 'Free' and re_level = 0

		<if test="whatColumn == 'all'">
			and (subject like #{keyword} or content like #{keyword})
		</if>
		<if test="whatColumn == 'writer'">
			and writer like #{keyword}
		</if>
		<if test="whatColumn == 'subject'">
			and subject like #{keyword}
		</if>
		<if test="whatColumn == 'content'">
			and content like #{keyword}
		</if>

		order by ref desc, re_step asc ))
	</select>

	<select id="getAllKnowBoard" resultType="SiscBoard">
		select b_num, b_cate, writer, subject, reg_date, readcount, ref, re_step, re_level, content, taglist
		from (select rownum as rank, b_num, b_cate, writer, subject, reg_date, readcount, ref, re_step, re_level, content, taglist
		from (select b_num, b_cate, writer, subject, reg_date, readcount, ref, re_step, re_level, content, taglist
		from board where b_cate = 'Know' and re_level = 0

		<if test="whatColumn == 'all'">
			and (subject like #{keyword} or content like #{keyword})
		</if>
		<if test="whatColumn == 'writer'">
			and writer like #{keyword}
		</if>
		<if test="whatColumn == 'subject'">
			and subject like #{keyword}
		</if>
		<if test="whatColumn == 'content'">
			and content like #{keyword}
		</if>

		order by ref desc, re_step asc ))
	</select>

	<select id="getAllQnABoard" resultType="SiscBoard">
		select b_num, b_cate, writer, subject, reg_date, readcount, ref, re_step, re_level, content, taglist
		from (select rownum as rank, b_num, b_cate, writer, subject, reg_date, readcount, ref, re_step, re_level, content, taglist
		from (select b_num, b_cate, writer, subject, reg_date, readcount, ref, re_step, re_level, content, taglist
		from board where b_cate = 'QnA' and re_level = 0

		<if test="whatColumn == 'all'">
			and (subject like #{keyword} or content like #{keyword})
		</if>
		<if test="whatColumn == 'writer'">
			and writer like #{keyword}
		</if>
		<if test="whatColumn == 'subject'">
			and subject like #{keyword}
		</if>
		<if test="whatColumn == 'content'">
			and content like #{keyword}
		</if>

		order by ref desc, re_step asc ))
	</select>

	<select id="getAllGradBoard" resultType="SiscBoard">
		select b_num, b_cate, writer, subject, reg_date, readcount, ref, re_step, re_level, content, taglist
		from (select rownum as rank, b_num, b_cate, writer, subject, reg_date, readcount, ref, re_step, re_level, content, taglist
		from (select b_num, b_cate, writer, subject, reg_date, readcount, ref, re_step, re_level, content, taglist
		from board where b_cate = 'Grad' and re_level = 0

		<if test="whatColumn == 'all'">
			and (subject like #{keyword} or content like #{keyword})
		</if>
		<if test="whatColumn == 'writer'">
			and writer like #{keyword}
		</if>
		<if test="whatColumn == 'subject'">
			and subject like #{keyword}
		</if>
		<if test="whatColumn == 'content'">
			and content like #{keyword}
		</if>

		order by ref desc, re_step asc ))
	</select>

	<select id="getTotalCount" resultType="int">
		select count(*) from board
	</select>

	<select id="getCountFree" resultType="int">
		select count(*) from board where b_cate = 'Free' and re_level = 0
	</select>

	<select id="getCountKnow" resultType="int">
		select count(*) from board where b_cate = 'Know' and re_level = 0
	</select>

	<select id="getCountQnA" resultType="int">
		select count(*) from board where b_cate = 'QnA' and re_level = 0
	</select>

	<select id="getCountGrad" resultType="int">
		select count(*) from board where b_cate = 'Grad' and re_level = 0
	</select>
	<select id="selectFreeDetailCate" resultType="SiscBoard">
		select b_num, b_cate, writer, subject, reg_date, readcount, ref,
		re_step, re_level, content, taglist
		from (select rownum as rank, b_num, b_cate, writer, subject, reg_date,
		readcount, ref, re_step, re_level, content, taglist
		from (select b_num, b_cate, writer, subject, reg_date, readcount, ref,
		re_step, re_level, content, taglist
		from board where b_cate = 'Free' and re_level = 0
		<if test="whatColumn=='subjectAndContent'">
			and subject like #{keyword} or content like #{keyword}
		</if>
		<if test="whatColumn=='writer'">
			and writer like #{keyword}
		</if>
		<if test="whatColumn=='subject'">
			and subject like #{keyword}
		</if>
		<if test="whatColumn=='content'">
			and content like #{keyword}
		</if>
		order by ref desc, re_step asc ))
	</select>

	<select id="selectKnowDetailCate" resultType="SiscBoard">
		select b_num, b_cate, writer, subject, reg_date, readcount, ref,
		re_step, re_level, content, taglist
		from (select rownum as rank, b_num, b_cate, writer, subject, reg_date,
		readcount, ref, re_step, re_level, content, taglist
		from (select b_num, b_cate, writer, subject, reg_date, readcount, ref,
		re_step, re_level, content, taglist
		from board where b_cate = 'Know' and re_level = 0
		<if test="whatColumn=='subjectAndContent'">
			and subject like #{keyword} or content like #{keyword}
		</if>
		<if test="whatColumn=='writer'">
			and writer like #{keyword}
		</if>
		<if test="whatColumn=='subject'">
			and subject like #{keyword}
		</if>
		<if test="whatColumn=='content'">
			and content like #{keyword}
		</if>
		order by ref desc, re_step asc ))
	</select>

	<select id="selectQnADetailCate" resultType="SiscBoard">
		select b_num, b_cate, writer, subject, reg_date, readcount, ref,
		re_step, re_level, content, taglist
		from (select rownum as rank, b_num, b_cate, writer, subject, reg_date,
		readcount, ref, re_step, re_level, content, taglist
		from (select b_num, b_cate, writer, subject, reg_date, readcount, ref,
		re_step, re_level, content, taglist
		from board where b_cate = 'QnA' and re_level = 0
		<if test="whatColumn=='subjectAndContent'">
			and subject like #{keyword} or content like #{keyword}
		</if>
		<if test="whatColumn=='writer'">
			and writer like #{keyword}
		</if>
		<if test="whatColumn=='subject'">
			and subject like #{keyword}
		</if>
		<if test="whatColumn=='content'">
			and content like #{keyword}
		</if>
		order by ref desc, re_step asc ))
	</select>

	<select id="selectGradDetailCate" resultType="SiscBoard">
		select b_num, b_cate, writer, subject, reg_date, readcount, ref,
		re_step, re_level, content, taglist
		from (select rownum as rank, b_num, b_cate, writer, subject, reg_date,
		readcount, ref, re_step, re_level, content, taglist
		from (select b_num, b_cate, writer, subject, reg_date, readcount, ref,
		re_step, re_level, content, taglist
		from board where b_cate = 'Grad' and re_level = 0
		<if test="whatColumn=='subjectAndContent'">
			and subject like #{keyword} or content like #{keyword}
		</if>
		<if test="whatColumn=='writer'">
			and writer like #{keyword}
		</if>
		<if test="whatColumn=='subject'">
			and subject like #{keyword}
		</if>
		<if test="whatColumn=='content'">
			and content like #{keyword}
		</if>
		order by ref desc, re_step asc ))
	</select>

	<select id="getBoardInfoWriter" resultType="SiscBoard">
		select * from board where b_num = #{b_num}
	</select>

	<!-- 글쓰기 -->
   <insert id="insertBoardContent">
      insert into board(b_num, b_cate, writer, subject, reg_date, readcount, ref, ref2, re_step, re_level, content, comments_num, comments_check, taglist)
      values(bor_seq.nextval,#{b_cate},#{writer},#{subject},#{reg_date},1,bor_seq.currval,0,0,0,#{content},0,'원글',#{taglist})
   </insert>
   
   <!-- 글수정 -->
   <update id="updateBoardContent">
      update board set b_cate=#{b_cate},subject=#{subject}, content=#{content}, taglist=#{taglist}
      where b_num = #{b_num} and writer=#{writer}
   </update>
   
   <!-- 글삭제 -->
   <delete id="deleteBoard">
      delete from board where b_num = #{b_num} and b_cate=#{b_cate}
   </delete>

	<!-- bnum으로 모든 정보 가져오기 -->
      <select id="getBoardInfoBnum" resultType="SiscBoard">
      select * from board where b_num = #{b_num}
      </select>
      
      <!-- bnum이 (예를들어) 4인 게시물의 댓글수 가져오기 -->
      <select id="getCommentsCount" resultType="int">
      select count(*) from board where ref=#{ref} and re_level > 0
      </select>

	<!-- bnum이 (예를들어) 4인 게시물의 댓글 가져오기 -->
   <select id="getAllCommentsLists" resultType="SiscBoard">
      select b_num, b_cate, writer, subject, reg_date, readcount, ref, ref2, re_step, re_level, content,comments_num,comments_check
      from (select rownum as rank, b_num, b_cate, writer, subject, reg_date, readcount, ref, ref2, re_step, re_level, content,comments_num,comments_check
      from (select b_num, b_cate, writer, subject, reg_date, readcount, ref, ref2, re_step, re_level, content,comments_num,comments_check
      from board where ref = #{ref} and re_level > 0
      order by ref desc, re_step asc ))
   </select>

   <!-- 댓글 달기 -->
   <insert id="insertComments">
      insert into board(b_num,b_cate,writer,subject,reg_date,readcount,ref,ref2,re_step,re_level,content,comments_num,comments_check,taglist)
      values(bor_seq.nextval,#{b_cate},#{writer},#{subject},#{reg_date},0,#{ref},bor_seq.currval,(select nvl(max(re_step)+1, 0) from board where ref = #{ref}),#{re_level},#{content},com_seq.nextval,'X','댓글/답글')
   </insert>
   
   <!-- 답글 달면 원글의 가장 아래로 가게 위한 수정 작업1 -->
   <select id="getLastRef2_Re_step" resultType="int">
      select nvl(max(re_step), 0) as cnt from board where ref = #{ref} and ref2=#{ref2}
   </select>
   
   <!-- 답글 달면 원글의 가장 아래로 가게 위한 수정 작업2 -->
   <update id="updateReply" parameterType="SiscBoard">
      update board set re_step=re_step+1 where ref=#{ref} and re_step > #{re_step}
   </update>

   <!-- 답글 달기 -->
   <insert id="insertReply" parameterType="SiscBoard">
      insert into board(b_num,b_cate,writer,subject,reg_date,readcount,ref,ref2,re_step,re_level,content,comments_num,comments_check,taglist)
      values(bor_seq.nextval,#{b_cate},#{writer},#{subject},#{reg_date},0,#{ref},#{ref2},#{re_step}+1,#{re_level}+1,#{content},com_seq.nextval,'X','댓글/답글')
   </insert>
   
   <!-- 추천하기 -->
   <update id="updateAdopt">
      update board set comments_check = 'O' where b_num = #{b_num2}
   </update>
   
   <!-- 댓글/답글 수정 -->
   <update id="updateComments">
      update board set content=#{content} where b_num=#{b_num} and ref=#{ref}
   </update>
   
   <!-- "댓글" 삭제 -->
   <delete id="deleteComments">
      delete from board
      where ref=#{ref} and ref2=#{ref2}
   </delete>
   
   <!-- "답글" 삭제 -->
   <delete id="deleteReply">
      delete from board
      where b_num=#{b_num} and ref=#{ref}
   </delete>
	
	<!-- 작성자 상세정보 -->
	<select id="getWriterNumDetail" resultType="SiscBoard">
		select * from board
		where b_num = #{b_num} and writer = #{writer}
	</select>
	
	<!-- 조회수 높은 게시글 7개 가져오기 -->
	<select id="getHotBoard" resultType="SiscBoard">
		select * from board order by readcount desc fetch first 7 rows only
	</select>

	<update id="readcountUpdate">
		update board SET readcount = readcount + 1 WHERE b_num = #{b_num}
	</update>
	
	<select id="getBoardCount" resultType="int">
		SELECT COUNT(*) FROM board WHERE b_cate = #{board} AND subject != 'comments'
	</select>
	
	<select id="getCommentCount" resultType="int">
		SELECT COUNT(*) FROM board WHERE ref = #{ref} AND subject = 'comments' and re_level > 0
	</select>
	
	<select id="getAllInquiry" resultType="SiscBoard">
		select * from board where b_cate = 'Inquiry' or b_cate = 'inquiry'
		<if test="whatColumn=='all'">
			
		</if>
		<if test="whatColumn=='subject'">
			and subject like #{keyword}
		</if>
		<if test="whatColumn=='writer'">
			and writer like #{keyword}
		</if>
		order by b_num asc
	</select>
	
	<select id="getInquiryCount" resultType="int">
		SELECT COUNT(*) FROM board WHERE b_cate = #{board}
	</select>
	
	<insert id="insertInquiry" parameterType="SiscBoard">
		insert into
		board(b_num,b_cate,writer,subject,reg_date,readcount,ref,re_step,re_level,content)
		values(bor_seq.nextval,#{b_cate},#{writer},#{subject},sysdate,0,bor_seq.currval,0,0,#{content})
	</insert>
	
	<select id="getInquiryDetail" resultType="SiscBoard">
		SELECT * FROM board WHERE b_num = #{b_num}
	</select>
	
	<delete id="deleteInquiry">
		delete from board where b_num = #{b_num}
	</delete>
	
	<update id="updateInquiry" parameterType="SiscBoard">
		update board set subject = #{subject}, content = #{content}
	</update>
	
	<!-- 관리자 페이지 구문 -->
	
	<select id="selectMagAllFree" resultType="SiscBoard">
		select * from board where b_cate = 'Free' and re_level = 0
		<if test="whatColumn=='subjectAndContent'">
			and (subject like #{keyword} or content like #{keyword})
		</if>
		<if test="whatColumn=='writer'">
			and writer like #{keyword}
		</if>
		<if test="whatColumn=='subject'">
			and subject like #{keyword}
		</if>
		<if test="whatColumn=='content'">
			and content like #{keyword}
		</if>
		order by b_num asc
	</select>
	
	<select id="selectMagAllKnow" resultType="SiscBoard">
		select * from board where b_cate = 'Know' and re_level = 0
		<if test="whatColumn=='subjectAndContent'">
			and (subject like #{keyword} or content like #{keyword})
		</if>
		<if test="whatColumn=='writer'">
			and writer like #{keyword}
		</if>
		<if test="whatColumn=='subject'">
			and subject like #{keyword}
		</if>
		<if test="whatColumn=='content'">
			and content like #{keyword}
		</if>
		order by b_num asc
	</select>
	
	<select id="selectMagAllQnA" resultType="SiscBoard">
		select * from board where b_cate = 'QnA' and re_level = 0
		<if test="whatColumn=='subjectAndContent'">
			and (subject like #{keyword} or content like #{keyword})
		</if>
		<if test="whatColumn=='writer'">
			and writer like #{keyword}
		</if>
		<if test="whatColumn=='subject'">
			and subject like #{keyword}
		</if>
		<if test="whatColumn=='content'">
			and content like #{keyword}
		</if>
		order by b_num asc
	</select>
	
	<select id="selectMagAllGrad" resultType="SiscBoard">
		select * from board where b_cate = 'Grad' and re_level = 0
		<if test="whatColumn=='subjectAndContent'">
			and (subject like #{keyword} or content like #{keyword})
		</if>
		<if test="whatColumn=='writer'">
			and writer like #{keyword}
		</if>
		<if test="whatColumn=='subject'">
			and subject like #{keyword}
		</if>
		<if test="whatColumn=='content'">
			and content like #{keyword}
		</if>
		order by b_num asc
	</select>
	
	<select id="getMagCountFree" resultType="int">
		select count(*) from board where b_cate = 'Free' and re_level = 0
		<if test="whatColumn=='subjectAndContent'">
			and (subject like #{keyword} or content like #{keyword})
		</if>
		<if test="whatColumn=='writer'">
			and writer like #{keyword}
		</if>
		<if test="whatColumn=='subject'">
			and subject like #{keyword}
		</if>
		<if test="whatColumn=='content'">
			and content like #{keyword}
		</if>
	</select>
	
	<select id="getMagCountKnow" resultType="int">
		select count(*) from board where b_cate = 'Know' and re_level = 0
		<if test="whatColumn=='subjectAndContent'">
			and (subject like #{keyword} or content like #{keyword})
		</if>
		<if test="whatColumn=='writer'">
			and writer like #{keyword}
		</if>
		<if test="whatColumn=='subject'">
			and subject like #{keyword}
		</if>
		<if test="whatColumn=='content'">
			and content like #{keyword}
		</if>
	</select>
	
	<select id="getMagCountQnA" resultType="int">
		select count(*) from board where b_cate = 'QnA' and re_level = 0
		<if test="whatColumn=='subjectAndContent'">
			and (subject like #{keyword} or content like #{keyword})
		</if>
		<if test="whatColumn=='writer'">
			and writer like #{keyword}
		</if>
		<if test="whatColumn=='subject'">
			and subject like #{keyword}
		</if>
		<if test="whatColumn=='content'">
			and content like #{keyword}
		</if>
	</select>
	
	<select id="getMagCountGrad" resultType="int">
		select count(*) from board where b_cate = 'Grad' and re_level = 0
		<if test="whatColumn=='subjectAndContent'">
			and (subject like #{keyword} or content like #{keyword})
		</if>
		<if test="whatColumn=='writer'">
			and writer like #{keyword}
		</if>
		<if test="whatColumn=='subject'">
			and subject like #{keyword}
		</if>
		<if test="whatColumn=='content'">
			and content like #{keyword}
		</if>
	</select>	
	<delete id="deleteBoardContent">
		delete from board where b_num = #{b_num}
	</delete>
	<!-- 관리자 끝 -->
	
	<delete id="selectAndDelteBoard">
   	  delete from board where b_num = #{b_num} and ref=#{ref} and re_level = 0
   </delete>	
</mapper>