<?xml version="1.0" encoding="UTF-8"?>
<!DOCTYPE mapper PUBLIC "-//mybatis.org//DTD Mapper 3.0//EN"
	"http://mybatis.org/dtd/mybatis-3-mapper.dtd">
	
	<mapper namespace="member">
		
		<select id="getAllMember" resultType="SiscMember">
			select * from member where id = #{userId}
		</select>
		
		<select id="checkMemberId" resultType="int">
			select count(*) from member where id = #{id}
		</select>
		
		<insert id="insertMember">
         insert into member values 
         (#{id},#{password},#{name},#{pro_img},#{joomin},#{birth},#{gender},#{address},#{division},#{code},#{start_day},#{end_day},#{phone},#{m_class},#{curriculum})
      </insert>
		
		<select id="findMemberID" resultType="SiscMember">
			select * from member where name = #{name} and joomin = #{joomin}
		</select>
		
		<select id="findMemberPW" resultType="SiscMember">
			select * from member where name = #{name} and joomin = #{joomin} and id=#{id}
		</select>
		
		<update id="updatePW">
			update member set password=#{password} where id=#{id}
		</update>
		
		<delete id="deleteMember">
			delete from member where id = #{id}
		</delete>
		
		<update id="updateMember" parameterType="SiscMember">
			update member set password = #{password}, name = #{name}, gender = #{gender}, birth = #{birth}, 
			address = #{address} where id = #{id}
		</update>
		
		<select id="selectGetById" resultType="SiscMember">
			select * from member where id = #{id}
		</select>
		
		<update id="updateProImg">
			update member set pro_img = #{pro_img} where id = #{id}
		</update>
	</mapper>