<?xml version="1.0" encoding="UTF-8"?>
<!DOCTYPE mapper PUBLIC "-//mybatis.org//DTD Mapper 3.0//EN"
	"http://mybatis.org/dtd/mybatis-3-mapper.dtd">
	
	<mapper namespace="member">
		
		<select id="getAllMember" resultType="SiscMember">
			select * from member where id = #{userId}
		</select>
		
		<select id="checkMemberId" resultType="int">
			select count(*) from member where id = #{id}
		</select>
		
		<insert id="insertMember">
         insert into member
         values (#{id},#{password},#{name},#{pro_img},#{joomin},#{birth},#{gender},#{address},#{division},#{code},#{start_day},#{end_day},#{phone},#{m_class},#{curriculum},0)
      </insert>
		
		 <update id="updateAdopt_num">
         update member set adopt=adopt+1 where id=#{writer}
      </update>
		
		
		<select id="findMemberID" resultType="SiscMember">
			select * from member where name = #{name} and joomin = #{joomin}
		</select>
		
		<select id="findMemberPW" resultType="SiscMember">
			select * from member where name = #{name} and joomin = #{joomin} and id=#{id}
		</select>
		
		<update id="updatePW">
			update member set password=#{password} where id=#{id}
		</update>
		
		<delete id="deleteMember">
			delete from member where id = #{id}
		</delete>
		
		<update id="updateMember" parameterType="SiscMember">
			update member set password = #{password},
			address = #{address} where id = #{id}
		</update>
		
		<select id="selectGetById" resultType="SiscMember">
			select * from member where id = #{id}
		</select>
		
		<update id="updateProImg">
			update member set pro_img = #{pro_img} where id = #{id}
		</update>
		
		<!-- 관리자 -->

		<select id="getCountMagMember" resultType="int">
			select count(*) from member
			<if test="whatColumn=='id'">
				where id like #{keyword}
			</if>
			<if test="whatColumn=='name'">
				where name like #{keyword}
			</if>
			<if test="whatColumn=='gender'">
				where gender like #{keyword}
			</if>
			<if test="whatColumn=='m_class'">
				where m_class like #{keyword}
			</if>
			<if test="whatColumn=='curriculum'">
				where curriculum like #{keyword}
			</if>
		</select>
		
		<select id="getAllMagMemberList" resultType="SiscMember">
			select * from member
			<if test="whatColumn=='id'">
				where id like #{keyword}
			</if>
			<if test="whatColumn=='name'">
				where name like #{keyword}
			</if>
			<if test="whatColumn=='gender'">
				where gender like #{keyword}
			</if>
			<if test="whatColumn=='m_class'">
				where m_class like #{keyword}
			</if>
			<if test="whatColumn=='curriculum'">
				where curriculum like #{keyword}
			</if>
			order by start_day asc
		</select>
	</mapper>