<?xml version="1.0" encoding="UTF-8"?>
<!DOCTYPE mapper PUBLIC "-//mybatis.org//DTD Mapper 3.0//EN"
	"http://mybatis.org/dtd/mybatis-3-mapper.dtd">
	
	<mapper namespace="member">
		
		<select id="getAllMember" resultType="SiscMember">
			select * from member where id = #{userId}
		</select>
		
		<select id="checkMemberId" resultType="int">
			select count(*) from member where id = #{id}
		</select>
		
		<insert id="insertMember">
			insert into member
			values (#{id},#{password},#{name},#{pro_img},#{joomin},#{birth},#{gender},#{address},#{division},#{code},#{start_day},#{end_day},#{phone},#{m_class},#{curriculum},0)
		</insert>
		
		<update id="updateAdopt_num">
			update member set adopt=adopt+1 where id=#{writer}
		</update>
		
	</mapper>